year,N_DUSUAL_1,N_DUSUAL_2,N_VA,N_WAT_C,N_CA,N_CHO,N_FAT,HE_HP,HE_BMI,smoke,E_Q_SUN,E_Q_FAM
2031,380.2999999999993,56.799999999999955,1822.3209999999963,1.7790000000000532,874.1169999999984,448.5650000000005,66.21600000000035,434.60000000000036,25.013000000000005,-1673.7999999999884,-280.09999999999854,595.6999999999971
