year,N_DUSUAL_1,N_DUSUAL_2,N_VA,N_WAT_C,N_CA,N_CHO,N_FAT,HE_HP,HE_BMI,smoke,E_Q_SUN,E_Q_FAM
2031,467.40000000000146,200.89999999999782,1548.7930000000051,9.064000000000021,550.2590000000007,334.26099999999985,66.29700000000003,78.70000000000437,22.87300000000002,-1209.899999999965,239.39999999999964,928.9000000000087
