year,N_DUSUAL_1,N_DUSUAL_2,N_VA,N_WAT_C,N_CA,N_CHO,N_FAT,HE_HP,HE_BMI,smoke,E_Q_SUN,E_Q_FAM
2031,-26.400000000001455,-100.39999999999782,829.5600000000004,31.57800000000043,446.1859999999997,351.16200000000026,109.68700000000081,0.900000000000091,21.646,-1162.0999999999767,422.1999999999971,86.59999999999991
