year,N_DUSUAL_1,N_DUSUAL_2,N_VA,N_WAT_C,N_CA,N_CHO,N_FAT,HE_HP,HE_BMI,smoke,E_Q_SUN,E_Q_FAM
2031,5.999999999999999,51.80000000000018,926.8539999999994,12.121999999999957,589.0040000000008,396.5669999999991,40.483000000000175,54.900000000000546,22.584999999999987,-397.8000000000029,90.69999999999982,43.80000000000018
