year,N_DUSUAL_1,N_DUSUAL_2,N_VA,N_WAT_C,N_CA,N_CHO,N_FAT,HE_HP,HE_BMI,smoke,E_Q_SUN,E_Q_FAM
2031,92.79999999999927,9.5,1704.5130000000063,15.033999999999992,807.497999999996,426.9160000000011,94.78800000000047,-315.0,24.047,-1880.2000000000116,180.69999999999982,565.9000000000015
