year,N_DUSUAL_1,N_DUSUAL_2,N_VA,N_WAT_C,N_CA,N_CHO,N_FAT,HE_HP,HE_BMI,smoke,E_Q_SUN,E_Q_FAM
2031,212.0000000000009,-122.80000000000291,1265.7519999999931,22.938000000000102,874.7740000000049,511.7609999999986,123.70300000000043,2.000000000000001,20.253000000000004,-60.900000000000546,-511.79999999999563,-156.29999999999927
